{"1": {"run_time": 540.8746192455292, "weights": [4179, 4174, 4126, 4111], "epoch_times": [124.604, 137.949, 134.158]}, "43": {"run_time": 1482.9944598674774, "weights": [8001494, 8001472, 8001423, 8001421, 8001414, 8001402, 8001398, 8001385, 8001382, 8001376, 8001370, 8001368, 8001364, 8001356, 8001351, 8001347, 8001345, 8001341, 8001331, 8001322, 8001321, 8001319, 8001315, 8001301, 8001299, 8001287, 8001263, 8001260, 8001258, 8001255, 8001254, 8001252, 8001235, 8001234, 8001233, 8001228, 8001209, 8001208, 8001207, 8001192, 8001191, 8001176, 8001167, 8001157, 8001153, 8001152, 8001150, 8001148, 8001138, 8001122, 8001117], "epoch_times": [32.223, 30.09, 30.019, 31.005, 30.356, 31.051, 30.699, 31.834, 31.617, 30.209, 32.622, 31.727, 30.722, 33.245, 33.122, 32.161, 30.408, 33.964, 29.596, 25.335, 26.8, 33.504, 35.511, 31.656, 31.784, 29.472, 32.663, 29.164, 31.165, 30.882, 29.67, 27.072, 27.134, 26.727, 26.471, 27.173, 24.964, 28.267, 24.622, 23.789, 23.641, 23.611, 23.661, 24.124, 24.448, 26.411, 28.233, 28.38, 29.424, 21.702]}, "71": {"run_time": 705.4042298793793, "weights": [57888, 57699, 57215, 57028, 56926, 56731, 56539, 56346, 56244, 56157, 56082, 55993, 55801, 55623, 55526, 55344, 55161, 54979, 54885, 54703, 54611, 54519, 54433, 54350, 54275, 54193, 54183, 54091, 53992, 53905, 53821, 53726, 53547, 53437, 53241, 53150, 52962, 52877, 52781, 52498, 52395, 52015, 51927, 51834, 51747, 51553, 51451, 51361, 51173, 51075, 50985, 50980, 50789, 50515, 50331, 50321, 50247, 50150, 49945, 49856, 49756, 49663, 49466, 49284, 49276, 49275, 49180, 49087, 48895, 48885, 48791, 48698, 48623, 48539, 48452, 48170, 48084, 47895, 47889, 47708, 47619, 47609, 47518, 47430, 47048, 46961, 46782, 46694, 46498, 46408, 46314, 46230, 46150, 46036, 46029, 45945, 45756, 45670, 45594, 45495, 45397, 45387, 45299, 45276, 45090, 45081, 44979, 44878, 44791], "epoch_times": [5.543, 5.652, 5.967, 6.014, 5.668, 5.924, 5.728, 6.058, 6.118, 6.159, 6.075, 5.873, 6.121, 6.113, 6.247, 6.135, 6.223, 6.282, 6.368, 6.081, 5.961, 5.947, 6.218, 6.315, 6.112, 6.15, 6.058, 6.199, 6.39, 6.439, 6.393, 6.496, 6.472, 6.506, 6.523, 6.646, 6.471, 6.522, 6.51, 1.683, 2.603, 6.281, 6.71, 6.594, 6.571, 6.719, 6.177, 6.759, 6.654, 6.828, 6.901, 7.08, 6.897, 6.956, 6.599, 6.907, 7.009, 2.424, 7.034, 7.176, 7.276, 7.129, 7.303, 7.255, 7.043, 6.898, 6.995, 7.481, 7.398, 7.551, 7.616, 7.567, 7.506, 8.008, 7.869, 7.926, 8.023, 3.129, 6.54, 8.019, 2.899, 7.669, 7.819, 2.926, 7.528, 7.896, 8.082, 8.06, 8.101, 7.906, 7.948, 7.741, 2.599, 7.949, 8.073, 8.036, 2.324, 7.732, 8.003, 7.926, 3.763, 6.785, 2.048, 7.825, 7.922, 1.971, 7.885, 7.905]}, "73": {"run_time": 1378.424322605133, "weights": [54972, 54796, 54624, 54533, 54175, 54087, 53999, 53732, 53653, 53564, 53470, 53383, 53298, 53119, 52935, 52848, 52759, 52665, 52314, 52043, 51952, 51871, 51684, 51418, 51236, 51156, 51076, 50988, 50903, 50827, 50657, 50480, 50412, 50257, 50090, 50002, 49916, 49824, 49651, 49565, 49474, 49285, 49197, 49016, 48931, 48845, 48672, 48479, 48395, 48298, 48217, 48132, 47956, 47866, 47698, 47602, 47518, 47443, 47357, 47265, 47184, 47104, 47019, 46930, 46746, 46651, 46561, 46457, 46373, 46285, 46214, 46131, 45772, 45688, 45613, 45541, 45451, 45363, 45281, 45202, 45117, 44954, 44856, 44844, 44743, 44663, 44574, 44489, 44328, 44241, 44144, 44132, 44050, 43968, 43883, 43793, 43699, 43623, 43448, 43352, 43106, 43037, 42962, 42778, 42700, 42447, 42345, 42336, 42160, 42077, 41993, 41905, 41819, 41633, 41549, 41463, 41381, 41305, 41297, 41238, 41142, 41127, 40944, 40864, 40766, 40696, 40609, 40532, 40443, 40357, 40263, 40175, 40090, 40081, 39997, 39907, 39831, 39739, 39639, 39547, 39479, 39396, 39333, 39244, 39151, 39059, 38961, 38889, 38801, 38696, 38687, 38601, 38520, 38426, 38343, 38252, 38169, 38155, 38087, 37997, 37917], "epoch_times": [12.848, 11.441, 11.339, 11.282, 11.165, 10.656, 10.694, 11.345, 12.185, 12.134, 11.074, 11.011, 10.974, 9.302, 9.394, 9.337, 9.254, 9.942, 11.365, 13.227, 11.722, 13.765, 13.434, 12.083, 12.773, 11.424, 11.05, 11.93, 11.862, 11.586, 11.475, 10.897, 11.542, 13.05, 12.731, 10.046, 11.498, 11.337, 12.471, 11.024, 11.345, 11.187, 11.381, 10.831, 10.586, 10.705, 9.943, 9.904, 9.973, 10.847, 9.965, 10.362, 9.97, 9.895, 9.786, 9.977, 9.981, 10.783, 9.921, 10.273, 9.976, 10.536, 9.973, 9.269, 8.975, 8.52, 8.432, 8.424, 8.311, 8.388, 8.421, 8.467, 8.363, 8.494, 8.53, 8.433, 8.479, 8.51, 8.732, 8.617, 8.29, 8.421, 3.828, 8.515, 8.722, 8.515, 8.524, 8.464, 8.277, 8.526, 7.763, 8.484, 8.346, 8.392, 8.27, 8.347, 8.521, 8.63, 8.443, 8.309, 8.373, 8.206, 8.194, 7.701, 7.182, 6.97, 0.634, 7.169, 6.98, 7.179, 7.214, 6.692, 6.916, 6.663, 6.397, 6.427, 6.379, 3.598, 6.477, 6.476, 0.987, 6.413, 6.396, 6.413, 6.709, 6.443, 6.402, 6.402, 6.38, 6.543, 6.366, 6.412, 0.948, 6.421, 6.44, 6.451, 6.425, 6.456, 5.884, 6.421, 5.772, 5.782, 5.699, 5.834, 6.541, 6.454, 6.195, 6.431, 6.465, 0.529, 6.411, 6.395, 6.378, 6.324, 6.401, 6.42, 4.438, 5.663, 6.339, 6.52]}, "13": {"run_time": 200.90737509727478, "weights": [8989, 8788, 8687, 8587, 8487, 8388, 8292, 8194, 8095, 7995, 7895, 7797, 7701, 7601, 7501, 7404, 7305, 7205, 7115, 7021, 6922, 6825, 6731, 6639, 6540, 6452, 6357, 6278, 6185, 6094, 6013, 5929], "epoch_times": [8.339, 8.638, 8.314, 8.404, 8.201, 8.125, 8.127, 6.724, 6.467, 6.609, 6.515, 6.487, 5.973, 5.549, 5.55, 5.648, 5.526, 5.46, 5.447, 5.433, 5.328, 5.241, 5.321, 5.224, 5.34, 5.611, 5.58, 5.572, 5.534, 5.503, 5.521]}, "15": {"run_time": 58.99993085861206, "weights": [149, 148, 147, 146, 145], "epoch_times": [12.057, 11.486, 11.685, 11.449]}, "9": {"run_time": 2149.2094576358795, "weights": [19628764, 19628633, 19625292, 19622097, 19509299, 19507657, 19505557, 19502796, 19500082, 19499931, 19496862, 19495221, 19494465, 19494127, 19071588, 19042592, 19042128, 19029768, 19004851, 18974296, 18974092, 18870478, 18870398, 18868788, 18868650], "epoch_times": [81.193, 103.274, 98.167, 91.859, 91.23, 94.631, 97.23, 99.172, 99.2, 94.639, 116.465, 106.062, 107.089, 95.067, 89.749, 80.665, 81.33, 81.969, 34.367, 78.502, 70.705, 69.048, 69.601, 49.304]}, "149": {"run_time": 183.62740969657898, "weights": [1535], "epoch_times": []}, "23": {"run_time": 93.53177738189697, "weights": [182, 181, 180, 179, 178], "epoch_times": [20.563, 20.195, 19.628, 16.09]}, "25": {"run_time": 117.65393614768982, "weights": [149, 146, 145, 144, 143, 142, 141, 140, 139, 138, 137, 136, 135, 134, 133, 132, 131, 130, 129, 128, 127, 126, 125, 124, 123, 122, 121, 120], "epoch_times": [4.864, 5.008, 5.18, 4.958, 4.863, 4.946, 4.838, 4.913, 4.881, 4.908, 4.853, 4.816, 3.951, 3.807, 3.83, 3.962, 3.829, 3.767, 3.848, 3.878, 3.751, 3.403, 3.392, 3.323, 3.42, 3.459, 3.378]}, "27": {"run_time": 1834.6688468456268, "weights": [6401483, 6401452, 6401442, 6401440, 6401434, 6401432, 6401425, 6401421, 6401408, 6401390, 6401384, 6401373, 6401360, 6401342, 6401336, 6401333, 6401330, 6401328, 6401326, 6401325, 6401305, 6401301, 6401296, 6401292, 6401284, 6401283, 6401280, 6401279, 6401278, 6401273, 6401269, 6401268, 6401266, 6401264, 6401258, 6401248, 6401246, 6401244, 6401242, 6401236, 6401235, 6401232, 6401230, 6401228, 6401226, 6401222, 6401220, 6401219, 6401217], "epoch_times": [34.33, 37.0, 46.304, 45.707, 40.858, 42.919, 42.465, 40.941, 39.642, 40.281, 40.486, 40.505, 39.597, 42.816, 40.847, 43.699, 41.315, 44.232, 43.598, 40.6, 42.187, 36.326, 34.666, 44.255, 44.282, 40.252, 38.756, 41.615, 38.427, 38.885, 37.685, 34.025, 36.487, 34.939, 36.272, 35.523, 30.694, 29.538, 29.73, 29.974, 31.198, 27.894, 29.125, 29.096, 30.142, 30.861, 32.308, 29.599]}, "29": {"run_time": 562.9112350940704, "weights": [6700991, 6700990, 6700973, 6700971, 6700967, 6700965, 6700960, 6700956, 6700954, 6700947, 6700943, 6700931, 6700927, 6700923, 6700920, 6700918, 6700917, 6700915, 6700904, 6700903, 6700901, 6700900, 6700894, 6700890, 6700888, 6700886, 6700884, 6700883, 6700882, 6700881, 6700880, 6700878, 6700876, 6700875, 6700874, 6700873, 6700867],